{
  "a": 0.9850000008630823,
  "b": -0.3499999093415933,
  "c": 0.014999998810623378,
  "d": 1.3959995863474251e-08,
  "r2": 1.0
}